{
  "id": "3124212",
  "name": "mfkMp",
  "font_family": "iconfont",
  "css_prefix_text": "icon-",
  "description": "",
  "glyphs": [
    {
      "icon_id": "11372666",
      "name": "分享",
      "font_class": "fenxiang2",
      "unicode": "e8b0",
      "unicode_decimal": 59568
    },
    {
      "icon_id": "17605439",
      "name": "认证",
      "font_class": "renzheng",
      "unicode": "e811",
      "unicode_decimal": 59409
    },
    {
      "icon_id": "25687438",
      "name": "认证",
      "font_class": "renzheng1",
      "unicode": "ff23",
      "unicode_decimal": 65315
    },
    {
      "icon_id": "5835462",
      "name": "分类",
      "font_class": "fenlei",
      "unicode": "e60c",
      "unicode_decimal": 58892
    },
    {
      "icon_id": "19316910",
      "name": "评论",
      "font_class": "pinglun",
      "unicode": "eff9",
      "unicode_decimal": 61433
    },
    {
      "icon_id": "2674473",
      "name": "关闭",
      "font_class": "guanbi",
      "unicode": "e625",
      "unicode_decimal": 58917
    },
    {
      "icon_id": "815884",
      "name": "关闭",
      "font_class": "close",
      "unicode": "e616",
      "unicode_decimal": 58902
    },
    {
      "icon_id": "17711273",
      "name": "编辑",
      "font_class": "bianji",
      "unicode": "e818",
      "unicode_decimal": 59416
    },
    {
      "icon_id": "1646226",
      "name": "分享",
      "font_class": "fenxiang",
      "unicode": "e60f",
      "unicode_decimal": 58895
    },
    {
      "icon_id": "12712264",
      "name": "分享",
      "font_class": "fenxiang1",
      "unicode": "e64e",
      "unicode_decimal": 58958
    },
    {
      "icon_id": "666884",
      "name": "删除",
      "font_class": "shanchu",
      "unicode": "e68e",
      "unicode_decimal": 59022
    },
    {
      "icon_id": "577320",
      "name": "选择",
      "font_class": "xuanze",
      "unicode": "e72e",
      "unicode_decimal": 59182
    },
    {
      "icon_id": "8237011",
      "name": "更多",
      "font_class": "gengduo",
      "unicode": "e606",
      "unicode_decimal": 58886
    },
    {
      "icon_id": "11391537",
      "name": "设置",
      "font_class": "shezhi",
      "unicode": "e63b",
      "unicode_decimal": 58939
    },
    {
      "icon_id": "11372673",
      "name": "话题",
      "font_class": "huati",
      "unicode": "e8b1",
      "unicode_decimal": 59569
    },
    {
      "icon_id": "23306302",
      "name": "试题",
      "font_class": "shiti",
      "unicode": "e61d",
      "unicode_decimal": 58909
    },
    {
      "icon_id": "24591518",
      "name": "意见反馈、记笔记",
      "font_class": "a-yijianfankuijibiji",
      "unicode": "e6b5",
      "unicode_decimal": 59061
    },
    {
      "icon_id": "1305406",
      "name": "上",
      "font_class": "shang1",
      "unicode": "e63e",
      "unicode_decimal": 58942
    },
    {
      "icon_id": "1305407",
      "name": "下",
      "font_class": "xia1",
      "unicode": "e63f",
      "unicode_decimal": 58943
    },
    {
      "icon_id": "22353994",
      "name": "评论",
      "font_class": "icon_pinglun",
      "unicode": "e605",
      "unicode_decimal": 58885
    },
    {
      "icon_id": "27315855",
      "name": "爱心-线型02",
      "font_class": "aixin-xianxing02",
      "unicode": "e6b7",
      "unicode_decimal": 59063
    },
    {
      "icon_id": "24267119",
      "name": "爱心-线型",
      "font_class": "aixin-xianxing",
      "unicode": "e686",
      "unicode_decimal": 59014
    },
    {
      "icon_id": "27315037",
      "name": "收藏02",
      "font_class": "shoucang02",
      "unicode": "e6b6",
      "unicode_decimal": 59062
    },
    {
      "icon_id": "20000264",
      "name": "收藏",
      "font_class": "shoucang1",
      "unicode": "e604",
      "unicode_decimal": 58884
    },
    {
      "icon_id": "1159903",
      "name": "耳麦",
      "font_class": "ermai",
      "unicode": "e627",
      "unicode_decimal": 58919
    },
    {
      "icon_id": "18893198",
      "name": "疾病",
      "font_class": "jibing",
      "unicode": "e63d",
      "unicode_decimal": 58941
    },
    {
      "icon_id": "19793294",
      "name": "科室",
      "font_class": "huaban",
      "unicode": "e6c8",
      "unicode_decimal": 59080
    },
    {
      "icon_id": "12906462",
      "name": "声波",
      "font_class": "shengbo",
      "unicode": "e7fe",
      "unicode_decimal": 59390
    },
    {
      "icon_id": "338303",
      "name": "微信",
      "font_class": "weixin",
      "unicode": "e631",
      "unicode_decimal": 58929
    },
    {
      "icon_id": "5427697",
      "name": "微信",
      "font_class": "weixin1",
      "unicode": "e620",
      "unicode_decimal": 58912
    },
    {
      "icon_id": "9186713",
      "name": "朋友圈",
      "font_class": "pengyouquan",
      "unicode": "e667",
      "unicode_decimal": 58983
    },
    {
      "icon_id": "11463944",
      "name": "微信",
      "font_class": "weixin2",
      "unicode": "e603",
      "unicode_decimal": 58883
    },
    {
      "icon_id": "13017494",
      "name": "医院",
      "font_class": "yiyuan",
      "unicode": "e6a3",
      "unicode_decimal": 59043
    },
    {
      "icon_id": "13106608",
      "name": "医院",
      "font_class": "yiyuan1",
      "unicode": "e609",
      "unicode_decimal": 58889
    },
    {
      "icon_id": "1920285",
      "name": "加",
      "font_class": "jia",
      "unicode": "e608",
      "unicode_decimal": 58888
    },
    {
      "icon_id": "5387527",
      "name": "加号",
      "font_class": "jiahao",
      "unicode": "eaf3",
      "unicode_decimal": 60147
    },
    {
      "icon_id": "1253",
      "name": "收藏",
      "font_class": "shoucang",
      "unicode": "e600",
      "unicode_decimal": 58880
    },
    {
      "icon_id": "55158",
      "name": "右",
      "font_class": "57",
      "unicode": "e644",
      "unicode_decimal": 58948
    },
    {
      "icon_id": "629339",
      "name": "时间",
      "font_class": "shijian",
      "unicode": "e64d",
      "unicode_decimal": 58957
    },
    {
      "icon_id": "994060",
      "name": "时间",
      "font_class": "shijian1",
      "unicode": "e653",
      "unicode_decimal": 58963
    },
    {
      "icon_id": "2075245",
      "name": "定位",
      "font_class": "dingwei",
      "unicode": "e602",
      "unicode_decimal": 58882
    },
    {
      "icon_id": "6268321",
      "name": "时间",
      "font_class": "shijian2",
      "unicode": "e651",
      "unicode_decimal": 58961
    },
    {
      "icon_id": "6282758",
      "name": "密码显示",
      "font_class": "mimaxianshi",
      "unicode": "e6b4",
      "unicode_decimal": 59060
    },
    {
      "icon_id": "7587949",
      "name": "上",
      "font_class": "shang",
      "unicode": "e613",
      "unicode_decimal": 58899
    },
    {
      "icon_id": "7587971",
      "name": "下",
      "font_class": "xia",
      "unicode": "e617",
      "unicode_decimal": 58903
    },
    {
      "icon_id": "7587973",
      "name": "右",
      "font_class": "you1",
      "unicode": "e618",
      "unicode_decimal": 58904
    },
    {
      "icon_id": "8527994",
      "name": "另-密码显示",
      "font_class": "mimaxianshi1",
      "unicode": "e647",
      "unicode_decimal": 58951
    },
    {
      "icon_id": "9842318",
      "name": "星星",
      "font_class": "xingxing",
      "unicode": "e624",
      "unicode_decimal": 58916
    },
    {
      "icon_id": "9918553",
      "name": "密码显示",
      "font_class": "mimaxianshi2",
      "unicode": "ec60",
      "unicode_decimal": 60512
    },
    {
      "icon_id": "9974419",
      "name": "密码显示",
      "font_class": "mimaxianshi3",
      "unicode": "e704",
      "unicode_decimal": 59140
    },
    {
      "icon_id": "10939449",
      "name": "定位",
      "font_class": "dingwei1",
      "unicode": "e60a",
      "unicode_decimal": 58890
    },
    {
      "icon_id": "11675047",
      "name": "密码显示",
      "font_class": "mimaxianshi4",
      "unicode": "e601",
      "unicode_decimal": 58881
    },
    {
      "icon_id": "11891857",
      "name": "right",
      "font_class": "right",
      "unicode": "e67c",
      "unicode_decimal": 59004
    },
    {
      "icon_id": "1305408",
      "name": "左",
      "font_class": "zuo",
      "unicode": "e63c",
      "unicode_decimal": 58940
    },
    {
      "icon_id": "14313197",
      "name": "右",
      "font_class": "you",
      "unicode": "e612",
      "unicode_decimal": 58898
    }
  ]
}
